-- 鹦鹉管理系统演示数据
-- 生成时间：2026-06-30 16:08:01
-- 数据来源：GBIF Species API、Wikimedia Commons API；脚本只保存公开文字资料和图片 URL。
-- 注意：data.sql 不写入用户账号和密码，默认账号由后端 DataInitializer 初始化。
USE parrot_management;
SET NAMES utf8mb4;
SET FOREIGN_KEY_CHECKS = 0;
TRUNCATE TABLE login_log;
TRUNCATE TABLE file_resource;
TRUNCATE TABLE sys_user_menu;
TRUNCATE TABLE sys_role_menu;
TRUNCATE TABLE sys_menu;
TRUNCATE TABLE notice;
TRUNCATE TABLE appointment;
TRUNCATE TABLE training_record;
TRUNCATE TABLE feeding_record;
TRUNCATE TABLE health_record;
TRUNCATE TABLE parrot;
TRUNCATE TABLE parrot_species;
SET FOREIGN_KEY_CHECKS = 1;
INSERT INTO sys_menu
(id, parent_id, menu_code, menu_name, menu_type, path, api_pattern, icon, sort_no, status)
VALUES
(1, 0, 'dashboard', '首页看板', 'MENU', '/admin/dashboard', 'GET /api/admin/dashboard/**', 'DataBoard', 10, 1),
(2, 0, 'parrot', '鹦鹉管理', 'DIR', NULL, NULL, 'Star', 20, 1),
(3, 2, 'parrot:list', '鹦鹉档案管理', 'MENU', '/admin/parrot/list', 'GET /api/admin/parrot/page,GET /api/admin/species/list', 'Star', 21, 1),
(4, 2, 'parrot:species', '品种管理', 'MENU', '/admin/parrot/species', 'GET /api/admin/species/page,GET /api/admin/species/list', 'Collection', 22, 1),
(5, 0, 'care', '养护管理', 'DIR', NULL, NULL, 'FirstAidKit', 30, 1),
(6, 5, 'care:health', '健康记录管理', 'MENU', '/admin/health', 'GET /api/admin/health-record/page,GET /api/admin/parrot/page', 'FirstAidKit', 31, 1),
(7, 5, 'care:feeding', '喂养记录管理', 'MENU', '/admin/feeding', 'GET /api/admin/feeding-record/page,GET /api/admin/parrot/page', 'Bowl', 32, 1),
(8, 5, 'care:training', '训练记录管理', 'MENU', '/admin/training', 'GET /api/admin/training-record/page,GET /api/admin/parrot/page', 'Medal', 33, 1),
(9, 0, 'appointment', '预约咨询管理', 'MENU', '/admin/appointment', 'GET /api/admin/appointment/page,GET /api/admin/parrot/page', 'Calendar', 40, 1),
(10, 0, 'notice', '公告知识管理', 'MENU', '/admin/notice', 'GET /api/admin/notice/page', 'Document', 50, 1),
(11, 0, 'system', '系统管理', 'DIR', NULL, NULL, 'Setting', 90, 1),
(12, 11, 'system:user', '用户管理', 'MENU', '/admin/user', 'GET /api/admin/user/page', 'User', 91, 1),
(13, 11, 'system:login-log', '登录日志', 'MENU', '/admin/login-log', 'GET /api/admin/login-log/page', 'Tickets', 92, 1),
(14, 11, 'system:menu', '菜单管理', 'MENU', '/admin/menu', 'GET /api/admin/menu/**', 'Menu', 93, 1),
(15, 3, 'parrot:list:add', '新增鹦鹉', 'BUTTON', NULL, 'POST /api/admin/parrot', NULL, 211, 1),
(16, 3, 'parrot:list:edit', '编辑鹦鹉', 'BUTTON', NULL, 'PUT /api/admin/parrot/**', NULL, 212, 1),
(17, 3, 'parrot:list:delete', '删除鹦鹉', 'BUTTON', NULL, 'DELETE /api/admin/parrot/**', NULL, 213, 1),
(18, 4, 'parrot:species:add', '新增品种', 'BUTTON', NULL, 'POST /api/admin/species', NULL, 221, 1),
(19, 4, 'parrot:species:edit', '编辑品种', 'BUTTON', NULL, 'PUT /api/admin/species/**', NULL, 222, 1),
(20, 4, 'parrot:species:delete', '删除品种', 'BUTTON', NULL, 'DELETE /api/admin/species/**', NULL, 223, 1),
(21, 6, 'care:health:add', '新增健康记录', 'BUTTON', NULL, 'POST /api/admin/health-record', NULL, 311, 1),
(22, 6, 'care:health:edit', '编辑健康记录', 'BUTTON', NULL, 'PUT /api/admin/health-record/**', NULL, 312, 1),
(23, 6, 'care:health:delete', '删除健康记录', 'BUTTON', NULL, 'DELETE /api/admin/health-record/**', NULL, 313, 1),
(24, 7, 'care:feeding:add', '新增喂养记录', 'BUTTON', NULL, 'POST /api/admin/feeding-record', NULL, 321, 1),
(25, 7, 'care:feeding:edit', '编辑喂养记录', 'BUTTON', NULL, 'PUT /api/admin/feeding-record/**', NULL, 322, 1),
(26, 7, 'care:feeding:delete', '删除喂养记录', 'BUTTON', NULL, 'DELETE /api/admin/feeding-record/**', NULL, 323, 1),
(27, 8, 'care:training:add', '新增训练记录', 'BUTTON', NULL, 'POST /api/admin/training-record', NULL, 331, 1),
(28, 8, 'care:training:edit', '编辑训练记录', 'BUTTON', NULL, 'PUT /api/admin/training-record/**', NULL, 332, 1),
(29, 8, 'care:training:delete', '删除训练记录', 'BUTTON', NULL, 'DELETE /api/admin/training-record/**', NULL, 333, 1),
(30, 9, 'appointment:confirm', '确认预约', 'BUTTON', NULL, 'PUT /api/admin/appointment/*/confirm', NULL, 401, 1),
(31, 9, 'appointment:reject', '驳回预约', 'BUTTON', NULL, 'PUT /api/admin/appointment/*/reject', NULL, 402, 1),
(32, 9, 'appointment:finish', '完成预约', 'BUTTON', NULL, 'PUT /api/admin/appointment/*/complete,PUT /api/admin/appointment/*/finish', NULL, 403, 1),
(33, 9, 'appointment:cancel', '取消预约', 'BUTTON', NULL, 'PUT /api/admin/appointment/*/cancel', NULL, 404, 1),
(34, 10, 'notice:add', '新增公告', 'BUTTON', NULL, 'POST /api/admin/notice', NULL, 501, 1),
(35, 10, 'notice:edit', '编辑公告', 'BUTTON', NULL, 'PUT /api/admin/notice/**', NULL, 502, 1),
(36, 10, 'notice:delete', '删除公告', 'BUTTON', NULL, 'DELETE /api/admin/notice/**', NULL, 503, 1),
(37, 12, 'system:user:add', '新增用户', 'BUTTON', NULL, 'POST /api/admin/user', NULL, 911, 1),
(38, 12, 'system:user:edit', '编辑用户', 'BUTTON', NULL, 'PUT /api/admin/user/*', NULL, 912, 1),
(39, 12, 'system:user:disable', '禁用用户', 'BUTTON', NULL, 'DELETE /api/admin/user/**', NULL, 913, 1),
(40, 12, 'system:user:reset', '重置密码', 'BUTTON', NULL, 'PUT /api/admin/user/*/reset-password', NULL, 914, 1),
(41, 14, 'system:menu:save', '保存菜单配置', 'BUTTON', NULL, 'PUT /api/admin/menu/**', NULL, 931, 1);

INSERT INTO sys_role_menu
(role, menu_id)
VALUES
('ADMIN', 1),
('ADMIN', 3),
('ADMIN', 4),
('ADMIN', 6),
('ADMIN', 7),
('ADMIN', 8),
('ADMIN', 9),
('ADMIN', 10),
('ADMIN', 12),
('ADMIN', 13),
('ADMIN', 14),
('ADMIN', 15),
('ADMIN', 16),
('ADMIN', 17),
('ADMIN', 18),
('ADMIN', 19),
('ADMIN', 20),
('ADMIN', 21),
('ADMIN', 22),
('ADMIN', 23),
('ADMIN', 24),
('ADMIN', 25),
('ADMIN', 26),
('ADMIN', 27),
('ADMIN', 28),
('ADMIN', 29),
('ADMIN', 30),
('ADMIN', 31),
('ADMIN', 32),
('ADMIN', 33),
('ADMIN', 34),
('ADMIN', 35),
('ADMIN', 36),
('ADMIN', 37),
('ADMIN', 38),
('ADMIN', 39),
('ADMIN', 40),
('ADMIN', 41),
('KEEPER', 1),
('KEEPER', 3),
('KEEPER', 6),
('KEEPER', 7),
('KEEPER', 8),
('KEEPER', 9),
('KEEPER', 10),
('KEEPER', 21),
('KEEPER', 22),
('KEEPER', 24),
('KEEPER', 25),
('KEEPER', 27),
('KEEPER', 28),
('KEEPER', 30),
('KEEPER', 32),
('KEEPER', 34),
('KEEPER', 35);

INSERT INTO parrot_species
(id, name, english_name, origin, size, avg_lifespan, habits, difficulty, image, status, create_time, update_time)
VALUES
(1, '虎皮鹦鹉', 'Budgerigar', '澳大利亚', '小型', '7-10年', '虎皮鹦鹉资料参考公开物种库整理，学名为 Melopsittacus undulatus。日常活动需要稳定光照、清洁饮水和适量互动，饲养时要注意噪声、啃咬和换羽期观察。', '入门', 'https://upload.wikimedia.org/wikipedia/commons/5/5d/189_Red-and-green_macaw_couple_flying_in_Chapada_dos_Guimar%C3%A3es_National_Park_Photo_by_Giles_Laurent.jpg', 1, '2026-06-30 08:20:00', '2026-06-30 08:20:00'),
(2, '玄凤鹦鹉', 'Cockatiel', '澳大利亚', '中小型', '10-15年', '玄凤鹦鹉资料参考公开物种库整理，学名为 Nymphicus hollandicus。日常活动需要稳定光照、清洁饮水和适量互动，饲养时要注意噪声、啃咬和换羽期观察。', '入门', 'https://upload.wikimedia.org/wikipedia/commons/a/a7/Hyacinth_macaw_%28Anodorhynchus_hyacinthinus%29_head.JPG', 1, '2026-06-30 08:20:00', '2026-06-30 08:20:00'),
(3, '和尚鹦鹉', 'Monk Parakeet', '南美洲', '中型', '15-20年', '和尚鹦鹉资料参考公开物种库整理，学名为 Myiopsitta monachus。日常活动需要稳定光照、清洁饮水和适量互动，饲养时要注意噪声、啃咬和换羽期观察。', '中等', 'https://upload.wikimedia.org/wikipedia/commons/c/ce/Macaw_parrot_sitting_on_a_tree_branch.jpg_.jpg', 1, '2026-06-30 08:20:00', '2026-06-30 08:20:00'),
(4, '牡丹鹦鹉', 'Lovebird', '非洲西南部', '小型', '10-15年', '牡丹鹦鹉资料参考公开物种库整理，学名为 Agapornis roseicollis。日常活动需要稳定光照、清洁饮水和适量互动，饲养时要注意噪声、啃咬和换羽期观察。', '中等', 'https://upload.wikimedia.org/wikipedia/commons/4/42/Red-and-green_macaw_%28Ara_chloropterus%29_juvenile.JPG', 1, '2026-06-30 08:20:00', '2026-06-30 08:20:00'),
(5, '金刚鹦鹉', 'Macaw', '中南美洲', '大型', '40-60年', '金刚鹦鹉资料参考公开物种库整理，学名为 Ara ararauna。日常活动需要稳定光照、清洁饮水和适量互动，饲养时要注意噪声、啃咬和换羽期观察。', '较难', 'https://upload.wikimedia.org/wikipedia/commons/7/7c/A_budgerigar_in_Shiraz.jpg', 1, '2026-06-30 08:20:00', '2026-06-30 08:20:00'),
(6, '葵花凤头鹦鹉', 'Sulphur-crested Cockatoo', '澳大利亚、新几内亚', '大型', '40-70年', '葵花凤头鹦鹉资料参考公开物种库整理，学名为 Cacatua galerita。日常活动需要稳定光照、清洁饮水和适量互动，饲养时要注意噪声、啃咬和换羽期观察。', '较难', 'https://upload.wikimedia.org/wikipedia/commons/0/0f/Blue_Parrot_on_the_cage.jpg', 1, '2026-06-30 08:20:00', '2026-06-30 08:20:00'),
(7, '亚马逊鹦鹉', 'Amazon Parrot', '南美洲', '中大型', '30-50年', '亚马逊鹦鹉资料参考公开物种库整理，学名为 Amazona aestiva。日常活动需要稳定光照、清洁饮水和适量互动，饲养时要注意噪声、啃咬和换羽期观察。', '较难', 'https://upload.wikimedia.org/wikipedia/commons/8/8c/Budgerigar_by_Bipro.jpg', 1, '2026-06-30 08:20:00', '2026-06-30 08:20:00'),
(8, '折衷鹦鹉', 'Eclectus Parrot', '新几内亚、澳大利亚东北部', '中大型', '30-40年', '折衷鹦鹉资料参考公开物种库整理，学名为 Eclectus roratus。日常活动需要稳定光照、清洁饮水和适量互动，饲养时要注意噪声、啃咬和换羽期观察。', '中等', 'https://upload.wikimedia.org/wikipedia/commons/a/a1/Green_budgerigar_parrot_in_mongolia%282%29.jpg', 1, '2026-06-30 08:20:00', '2026-06-30 08:20:00'),
(9, '灰鹦鹉', 'African Grey Parrot', '非洲中西部', '中型', '40-60年', '灰鹦鹉资料参考公开物种库整理，学名为 Psittacus erithacus。日常活动需要稳定光照、清洁饮水和适量互动，饲养时要注意噪声、啃咬和换羽期观察。', '较难', 'https://upload.wikimedia.org/wikipedia/commons/4/43/Green_budgerigar_parrot_in_mongolia.jpg', 1, '2026-06-30 08:20:00', '2026-06-30 08:20:00'),
(10, '小太阳鹦鹉', 'Sun Parakeet', '南美洲东北部', '中小型', '20-30年', '小太阳鹦鹉资料参考公开物种库整理，学名为 Aratinga solstitialis。日常活动需要稳定光照、清洁饮水和适量互动，饲养时要注意噪声、啃咬和换羽期观察。', '中等', 'https://upload.wikimedia.org/wikipedia/commons/d/d9/Parrot_yellow.jpg', 1, '2026-06-30 08:20:00', '2026-06-30 08:20:00'),
(11, '凯克鹦鹉', 'Caique', '南美洲北部', '中型', '25-35年', '凯克鹦鹉资料参考公开物种库整理，学名为 Pionites melanocephalus。日常活动需要稳定光照、清洁饮水和适量互动，饲养时要注意噪声、啃咬和换羽期观察。', '中等', 'https://upload.wikimedia.org/wikipedia/commons/2/2f/Nymphicus_hollandicus_-_Forst_01.jpg', 1, '2026-06-30 08:20:00', '2026-06-30 08:20:00'),
(12, '塞内加尔鹦鹉', 'Senegal Parrot', '西非', '中小型', '25-30年', '塞内加尔鹦鹉资料参考公开物种库整理，学名为 Poicephalus senegalus。日常活动需要稳定光照、清洁饮水和适量互动，饲养时要注意噪声、啃咬和换羽期观察。', '中等', 'https://upload.wikimedia.org/wikipedia/commons/2/2d/Nymphicus_hollandicus_-perching_on_wires_-Australia-6a.jpg', 1, '2026-06-30 08:20:00', '2026-06-30 08:20:00'),
(13, '红领绿鹦鹉', 'Rose-ringed Parakeet', '非洲、南亚', '中型', '20-30年', '红领绿鹦鹉资料参考公开物种库整理，学名为 Psittacula krameri。日常活动需要稳定光照、清洁饮水和适量互动，饲养时要注意噪声、啃咬和换羽期观察。', '中等', 'https://upload.wikimedia.org/wikipedia/commons/3/39/Nymphicus_hollandicus_162198224.jpg', 1, '2026-06-30 08:20:00', '2026-06-30 08:20:00'),
(14, '绯胸鹦鹉', 'Red-breasted Parakeet', '南亚、东南亚', '中型', '20-25年', '绯胸鹦鹉资料参考公开物种库整理，学名为 Psittacula alexandri。日常活动需要稳定光照、清洁饮水和适量互动，饲养时要注意噪声、啃咬和换羽期观察。', '中等', 'https://upload.wikimedia.org/wikipedia/commons/b/b7/Nymphicus_hollandicus_Karratha_12.jpg', 1, '2026-06-30 08:20:00', '2026-06-30 08:20:00'),
(15, '红额鹦鹉', 'Kakariki', '新西兰', '小型', '10-15年', '红额鹦鹉资料参考公开物种库整理，学名为 Cyanoramphus novaezelandiae。日常活动需要稳定光照、清洁饮水和适量互动，饲养时要注意噪声、啃咬和换羽期观察。', '入门', 'https://upload.wikimedia.org/wikipedia/commons/7/76/Nymphicus_hollandicus_Karratha_3.jpg', 1, '2026-06-30 08:20:00', '2026-06-30 08:20:00'),
(16, '紫蓝金刚鹦鹉', 'Hyacinth Macaw', '巴西、玻利维亚、巴拉圭', '大型', '50-70年', '紫蓝金刚鹦鹉资料参考公开物种库整理，学名为 Anodorhynchus hyacinthinus。日常活动需要稳定光照、清洁饮水和适量互动，饲养时要注意噪声、啃咬和换羽期观察。', '较难', 'https://upload.wikimedia.org/wikipedia/commons/1/18/Nymphicus_hollandicus_Karratha_5.jpg', 1, '2026-06-30 08:20:00', '2026-06-30 08:20:00');

INSERT INTO parrot
(id, code, name, species_id, gender, age, birth_date, color, image, health_status, source, entry_date, personality, care_notes, current_status, description, is_public, create_time, update_time)
VALUES
(1, 'PAR-2026-001', '墨芽', 1, '雌性', 7, '2018-12-22', '蓝白', 'https://upload.wikimedia.org/wikipedia/commons/0/0f/Blue_Parrot_on_the_cage.jpg', '正常', '救助转入', '2026-04-07', '亲人稳定，对熟悉的饲养员反应较好。', '训练前先给适应时间，避免突然靠近。', '在园', '墨芽是园区登记的虎皮鹦鹉，适合用于档案、预约和养护记录演示。', 0, '2026-06-30 08:40:00', '2026-06-30 08:40:00'),
(2, 'PAR-2026-002', '墨云', 2, '雄性', 11, '2015-03-22', '红绿', 'https://upload.wikimedia.org/wikipedia/commons/8/8c/Budgerigar_by_Bipro.jpg', '正常', '合作机构转入', '2026-04-30', '亲人稳定，对熟悉的饲养员反应较好。', '训练前先给适应时间，避免突然靠近。', '在园', '墨云是园区登记的玄凤鹦鹉，适合用于档案、预约和养护记录演示。', 1, '2026-06-30 08:40:00', '2026-06-30 08:40:00'),
(3, 'PAR-2026-003', '豆橙', 3, '未知', 10, '2015-10-16', '绿色', 'https://upload.wikimedia.org/wikipedia/commons/a/a1/Green_budgerigar_parrot_in_mongolia%282%29.jpg', '正常', '救助转入', '2025-03-07', '亲人稳定，对熟悉的饲养员反应较好。', '保持笼舍干燥，每日更换饮水。', '在园', '豆橙是园区登记的和尚鹦鹉，适合用于档案、预约和养护记录演示。', 1, '2026-06-30 08:40:00', '2026-06-30 08:40:00'),
(4, 'PAR-2026-004', '安木', 4, '雌性', 4, '2022-03-13', '绿色', 'https://upload.wikimedia.org/wikipedia/commons/4/43/Green_budgerigar_parrot_in_mongolia.jpg', '正常', '外部引进', '2025-08-19', '比较谨慎，对熟悉的饲养员反应较好。', '训练前先给适应时间，避免突然靠近。', '在园', '安木是园区登记的牡丹鹦鹉，适合用于档案、预约和养护记录演示。', 1, '2026-06-30 08:40:00', '2026-06-30 08:40:00'),
(5, 'PAR-2026-005', '星木', 5, '雄性', 4, '2021-11-05', '深蓝', 'https://upload.wikimedia.org/wikipedia/commons/d/d9/Parrot_yellow.jpg', '正常', '救助转入', '2024-05-15', '比较谨慎，对熟悉的饲养员反应较好。', '训练前先给适应时间，避免突然靠近。', '在园', '星木是园区登记的金刚鹦鹉，适合用于档案、预约和养护记录演示。', 0, '2026-06-30 08:40:00', '2026-06-30 08:40:00'),
(6, 'PAR-2026-006', '星团', 6, '未知', 11, '2015-01-18', '橙黄', 'https://upload.wikimedia.org/wikipedia/commons/2/2f/Nymphicus_hollandicus_-_Forst_01.jpg', '正常', '园区繁育', '2026-05-16', '安静温顺，对熟悉的饲养员反应较好。', '训练前先给适应时间，避免突然靠近。', '在园', '星团是园区登记的葵花凤头鹦鹉，适合用于档案、预约和养护记录演示。', 1, '2026-06-30 08:40:00', '2026-06-30 08:40:00'),
(7, 'PAR-2026-007', '小云', 7, '雄性', 10, '2016-04-24', '绿色', 'https://upload.wikimedia.org/wikipedia/commons/2/2d/Nymphicus_hollandicus_-perching_on_wires_-Australia-6a.jpg', '正常', '外部引进', '2024-12-08', '亲人稳定，对熟悉的饲养员反应较好。', '换羽期补充青菜和少量水果。', '在园', '小云是园区登记的亚马逊鹦鹉，适合用于档案、预约和养护记录演示。', 1, '2026-06-30 08:40:00', '2026-06-30 08:40:00'),
(8, 'PAR-2026-008', '米栗', 8, '雌性', 2, '2023-10-20', '红绿', 'https://upload.wikimedia.org/wikipedia/commons/3/39/Nymphicus_hollandicus_162198224.jpg', '正常', '园区繁育', '2024-10-30', '胆子较大，对熟悉的饲养员反应较好。', '换羽期补充青菜和少量水果。', '在园', '米栗是园区登记的折衷鹦鹉，适合用于档案、预约和养护记录演示。', 1, '2026-06-30 08:40:00', '2026-06-30 08:40:00'),
(9, 'PAR-2026-009', '星安', 9, '雄性', 2, '2023-10-31', '橙黄', 'https://upload.wikimedia.org/wikipedia/commons/b/b7/Nymphicus_hollandicus_Karratha_12.jpg', '正常', '园区繁育', '2025-02-16', '胆子较大，对熟悉的饲养员反应较好。', '留意啃咬行为，准备可替换玩具。', '在园', '星安是园区登记的灰鹦鹉，适合用于档案、预约和养护记录演示。', 0, '2026-06-30 08:40:00', '2026-06-30 08:40:00'),
(10, 'PAR-2026-010', '青安', 10, '未知', 1, '2025-02-06', '橙黄', 'https://upload.wikimedia.org/wikipedia/commons/7/76/Nymphicus_hollandicus_Karratha_3.jpg', '正常', '合作机构转入', '2024-06-06', '训练积极，对熟悉的饲养员反应较好。', '换羽期补充青菜和少量水果。', '在园', '青安是园区登记的小太阳鹦鹉，适合用于档案、预约和养护记录演示。', 1, '2026-06-30 08:40:00', '2026-06-30 08:40:00'),
(11, 'PAR-2026-011', '小团0', 11, '雄性', 11, '2015-06-07', '黄绿', 'https://upload.wikimedia.org/wikipedia/commons/1/18/Nymphicus_hollandicus_Karratha_5.jpg', '正常', '救助转入', '2025-02-06', '训练积极，对熟悉的饲养员反应较好。', '保持笼舍干燥，每日更换饮水。', '在园', '小团0是园区登记的凯克鹦鹉，适合用于档案、预约和养护记录演示。', 1, '2026-06-30 08:40:00', '2026-06-30 08:40:00'),
(12, 'PAR-2026-012', '墨橙', 12, '雌性', 5, '2021-03-08', '蓝黄金', 'https://upload.wikimedia.org/wikipedia/commons/7/74/Nymphicus_hollandicus_MHNT.ZOO.2010.11.148.28.jpg', '正常', '园区繁育', '2026-03-25', '训练积极，对熟悉的饲养员反应较好。', '训练前先给适应时间，避免突然靠近。', '在园', '墨橙是园区登记的塞内加尔鹦鹉，适合用于档案、预约和养护记录演示。', 1, '2026-06-30 08:40:00', '2026-06-30 08:40:00'),
(13, 'PAR-2026-013', '墨星', 13, '雄性', 4, '2022-03-11', '橙黄', 'https://upload.wikimedia.org/wikipedia/commons/8/8f/Parrot_Cockatiel_lutino.4months.jpg', '正常', '合作机构转入', '2025-10-20', '活泼好奇，对熟悉的饲养员反应较好。', '换羽期补充青菜和少量水果。', '在园', '墨星是园区登记的红领绿鹦鹉，适合用于档案、预约和养护记录演示。', 0, '2026-06-30 08:40:00', '2026-06-30 08:40:00'),
(14, 'PAR-2026-014', '可栗', 14, '雌性', 11, '2015-02-23', '白黄', 'https://upload.wikimedia.org/wikipedia/commons/d/d6/Agapornis_personatus%2C_TZ.jpg', '正常', '救助转入', '2024-02-12', '喜欢观察环境，对熟悉的饲养员反应较好。', '保持笼舍干燥，每日更换饮水。', '在园', '可栗是园区登记的绯胸鹦鹉，适合用于档案、预约和养护记录演示。', 1, '2026-06-30 08:40:00', '2026-06-30 08:40:00'),
(15, 'PAR-2026-015', '可星', 15, '未知', 2, '2024-05-11', '深蓝', 'https://upload.wikimedia.org/wikipedia/commons/e/e1/Agapornis_personatus.jpg', '正常', '合作机构转入', '2024-10-24', '亲人稳定，对熟悉的饲养员反应较好。', '留意啃咬行为，准备可替换玩具。', '在园', '可星是园区登记的红额鹦鹉，适合用于档案、预约和养护记录演示。', 1, '2026-06-30 08:40:00', '2026-06-30 08:40:00'),
(16, 'PAR-2026-016', '暖团', 16, '未知', 6, '2020-06-26', '蓝白', 'https://upload.wikimedia.org/wikipedia/commons/0/0f/Agapornis_personatus_-Serengeti%2C_Tanzania-8.jpg', '正常', '外部引进', '2024-06-10', '比较谨慎，对熟悉的饲养员反应较好。', '保持笼舍干燥，每日更换饮水。', '在园', '暖团是园区登记的紫蓝金刚鹦鹉，适合用于档案、预约和养护记录演示。', 1, '2026-06-30 08:40:00', '2026-06-30 08:40:00'),
(17, 'PAR-2026-017', '橙宝', 1, '未知', 2, '2024-02-11', '橙黄', 'https://upload.wikimedia.org/wikipedia/commons/e/e5/Agapornis_personatus_46237534.jpg', '正常', '园区繁育', '2025-01-10', '比较谨慎，对熟悉的饲养员反应较好。', '留意啃咬行为，准备可替换玩具。', '在园', '橙宝是园区登记的虎皮鹦鹉，适合用于档案、预约和养护记录演示。', 0, '2026-06-30 08:40:00', '2026-06-30 08:40:00'),
(18, 'PAR-2026-018', '橙橙', 2, '雌性', 1, '2024-11-15', '灰白', 'https://upload.wikimedia.org/wikipedia/commons/3/30/Agapornis_personatus_MWNH_0579.JPG', '正常', '合作机构转入', '2026-01-08', '活泼好奇，对熟悉的饲养员反应较好。', '换羽期补充青菜和少量水果。', '在园', '橙橙是园区登记的玄凤鹦鹉，适合用于档案、预约和养护记录演示。', 1, '2026-06-30 08:40:00', '2026-06-30 08:40:00'),
(19, 'PAR-2026-019', '暖森', 3, '雌性', 10, '2016-05-30', '白黄', 'https://upload.wikimedia.org/wikipedia/commons/d/dd/Agapornis_personatus_distribution.jpg', '正常', '园区繁育', '2026-05-17', '比较谨慎，对熟悉的饲养员反应较好。', '保持笼舍干燥，每日更换饮水。', '在园', '暖森是园区登记的和尚鹦鹉，适合用于档案、预约和养护记录演示。', 1, '2026-06-30 08:40:00', '2026-06-30 08:40:00'),
(20, 'PAR-2026-020', '星可', 4, '雌性', 9, '2017-01-02', '灰白', 'https://upload.wikimedia.org/wikipedia/commons/3/3e/Masked_Lovebird_%28blue_mutant%29.jpg', '正常', '外部引进', '2025-11-23', '活泼好奇，对熟悉的饲养员反应较好。', '留意啃咬行为，准备可替换玩具。', '在园', '星可是园区登记的牡丹鹦鹉，适合用于档案、预约和养护记录演示。', 1, '2026-06-30 08:40:00', '2026-06-30 08:40:00'),
(21, 'PAR-2026-021', '团橙', 5, '未知', 1, '2025-05-09', '灰白', 'https://upload.wikimedia.org/wikipedia/commons/d/d8/Yellow-collared_Lovebird_%2827582137244%29.jpg', '正常', '合作机构转入', '2025-10-29', '胆子较大，对熟悉的饲养员反应较好。', '留意啃咬行为，准备可替换玩具。', '在园', '团橙是园区登记的金刚鹦鹉，适合用于档案、预约和养护记录演示。', 0, '2026-06-30 08:40:00', '2026-06-30 08:40:00'),
(22, 'PAR-2026-022', '青橙', 6, '雄性', 11, '2015-04-17', '浅灰', 'https://upload.wikimedia.org/wikipedia/commons/e/ec/Ara_ararauna_Luc_Viatour.jpg', '正常', '合作机构转入', '2025-06-27', '亲人稳定，对熟悉的饲养员反应较好。', '保持笼舍干燥，每日更换饮水。', '在园', '青橙是园区登记的葵花凤头鹦鹉，适合用于档案、预约和养护记录演示。', 1, '2026-06-30 08:40:00', '2026-06-30 08:40:00'),
(23, 'PAR-2026-023', '云栗', 7, '雄性', 6, '2019-12-06', '灰白', 'https://upload.wikimedia.org/wikipedia/commons/8/87/Amazon_parrot_and_gray_parrot_in_Indonesia.jpg', '正常', '救助转入', '2025-08-05', '喜欢观察环境，对熟悉的饲养员反应较好。', '保持笼舍干燥，每日更换饮水。', '在园', '云栗是园区登记的亚马逊鹦鹉，适合用于档案、预约和养护记录演示。', 1, '2026-06-30 08:40:00', '2026-06-30 08:40:00'),
(24, 'PAR-2026-024', '星米', 8, '雄性', 1, '2025-05-29', '红绿', 'https://upload.wikimedia.org/wikipedia/commons/c/cf/Amazona_aestiva_MHNT.ZOO.2010.11.148.5.jpg', '正常', '园区繁育', '2025-04-08', '胆子较大，对熟悉的饲养员反应较好。', '换羽期补充青菜和少量水果。', '在园', '星米是园区登记的折衷鹦鹉，适合用于档案、预约和养护记录演示。', 1, '2026-06-30 08:40:00', '2026-06-30 08:40:00'),
(25, 'PAR-2026-025', '阿木', 9, '雄性', 4, '2022-03-25', '深蓝', 'https://upload.wikimedia.org/wikipedia/commons/9/92/Blue-fronted_Amazon_%28Amazona_aestiva%29_-8-2rc.jpg', '正常', '救助转入', '2024-06-10', '活泼好奇，对熟悉的饲养员反应较好。', '训练前先给适应时间，避免突然靠近。', '在园', '阿木是园区登记的灰鹦鹉，适合用于档案、预约和养护记录演示。', 0, '2026-06-30 08:40:00', '2026-06-30 08:40:00'),
(26, 'PAR-2026-026', '团木', 10, '未知', 11, '2015-07-02', '绿色', 'https://upload.wikimedia.org/wikipedia/commons/5/57/Portrait_of_Yellow-headed_Amazon_Parrot.jpg', '正常', '外部引进', '2026-03-03', '亲人稳定，对熟悉的饲养员反应较好。', '保持笼舍干燥，每日更换饮水。', '在园', '团木是园区登记的小太阳鹦鹉，适合用于档案、预约和养护记录演示。', 1, '2026-06-30 08:40:00', '2026-06-30 08:40:00'),
(27, 'PAR-2026-027', '安栗', 11, '未知', 10, '2016-03-13', '白黄', 'https://upload.wikimedia.org/wikipedia/commons/0/0d/Turquoise-fronted_amazon_%28Amazona_aestiva%29_2.JPG', '正常', '园区繁育', '2024-09-18', '活泼好奇，对熟悉的饲养员反应较好。', '换羽期补充青菜和少量水果。', '在园', '安栗是园区登记的凯克鹦鹉，适合用于档案、预约和养护记录演示。', 1, '2026-06-30 08:40:00', '2026-06-30 08:40:00'),
(28, 'PAR-2026-028', '云芽7', 12, '雄性', 11, '2015-03-16', '浅灰', 'https://upload.wikimedia.org/wikipedia/commons/1/14/Turquoise-fronted_amazon_%28Amazona_aestiva%29_head.JPG', '正常', '救助转入', '2024-09-18', '喜欢观察环境，对熟悉的饲养员反应较好。', '留意啃咬行为，准备可替换玩具。', '在园', '云芽7是园区登记的塞内加尔鹦鹉，适合用于档案、预约和养护记录演示。', 1, '2026-06-30 08:40:00', '2026-06-30 08:40:00'),
(29, 'PAR-2026-029', '七栗', 13, '未知', 1, '2025-05-06', '蓝黄金', 'https://upload.wikimedia.org/wikipedia/commons/9/94/Turquoise-fronted_amazon_%28Amazona_aestiva%29_older_adult.JPG', '正常', '园区繁育', '2025-03-04', '训练积极，对熟悉的饲养员反应较好。', '留意啃咬行为，准备可替换玩具。', '在园', '七栗是园区登记的红领绿鹦鹉，适合用于档案、预约和养护记录演示。', 0, '2026-06-30 08:40:00', '2026-06-30 08:40:00'),
(30, 'PAR-2026-030', '豆点', 14, '未知', 10, '2016-06-19', '白黄', 'https://upload.wikimedia.org/wikipedia/commons/e/ea/Yellow-billed_amazon_parrot_%28Amazona_collaria%29.jpg', '正常', '园区繁育', '2026-02-28', '喜欢观察环境，对熟悉的饲养员反应较好。', '保持笼舍干燥，每日更换饮水。', '在园', '豆点是园区登记的绯胸鹦鹉，适合用于档案、预约和养护记录演示。', 1, '2026-06-30 08:40:00', '2026-06-30 08:40:00'),
(31, 'PAR-2026-031', '小豆0', 15, '雄性', 1, '2025-06-17', '橙黄', 'https://upload.wikimedia.org/wikipedia/commons/6/68/African_Grey_Parrot%2C_peeking_out_from_under_its_wing_-_edit.jpg', '正常', '救助转入', '2024-11-04', '胆子较大，对熟悉的饲养员反应较好。', '训练前先给适应时间，避免突然靠近。', '在园', '小豆0是园区登记的红额鹦鹉，适合用于档案、预约和养护记录演示。', 1, '2026-06-30 08:40:00', '2026-06-30 08:40:00'),
(32, 'PAR-2026-032', '团栗1', 16, '雌性', 10, '2016-06-12', '绿色', 'https://upload.wikimedia.org/wikipedia/commons/2/2e/African_grey_parrot_-_Shanghai_-_20090628_0511.jpg', '正常', '外部引进', '2024-10-04', '比较谨慎，对熟悉的饲养员反应较好。', '留意啃咬行为，准备可替换玩具。', '在园', '团栗1是园区登记的紫蓝金刚鹦鹉，适合用于档案、预约和养护记录演示。', 1, '2026-06-30 08:40:00', '2026-06-30 08:40:00'),
(33, 'PAR-2026-033', '栗云', 1, '雌性', 7, '2018-11-16', '白黄', 'https://upload.wikimedia.org/wikipedia/commons/e/e9/Psittacus_erithacus_-_Vogelburg_Weilrod_01.jpg', '正常', '外部引进', '2026-01-21', '活泼好奇，对熟悉的饲养员反应较好。', '留意啃咬行为，准备可替换玩具。', '在园', '栗云是园区登记的虎皮鹦鹉，适合用于档案、预约和养护记录演示。', 0, '2026-06-30 08:40:00', '2026-06-30 08:40:00'),
(34, 'PAR-2026-034', '栗点', 2, '雄性', 12, '2013-10-17', '灰白', 'https://upload.wikimedia.org/wikipedia/commons/4/42/Psittacus_erithacus_-_Vogelburg_Weilrod_02.jpg', '正常', '救助转入', '2024-09-12', '喜欢观察环境，对熟悉的饲养员反应较好。', '训练前先给适应时间，避免突然靠近。', '在园', '栗点是园区登记的玄凤鹦鹉，适合用于档案、预约和养护记录演示。', 1, '2026-06-30 08:40:00', '2026-06-30 08:40:00'),
(35, 'PAR-2026-035', '栗团', 3, '未知', 6, '2020-04-20', '浅灰', 'https://upload.wikimedia.org/wikipedia/commons/2/2c/Psittacus_erithacus_-upper_body-8c.jpg', '正常', '外部引进', '2025-04-21', '活泼好奇，对熟悉的饲养员反应较好。', '保持笼舍干燥，每日更换饮水。', '在园', '栗团是园区登记的和尚鹦鹉，适合用于档案、预约和养护记录演示。', 1, '2026-06-30 08:40:00', '2026-06-30 08:40:00'),
(36, 'PAR-2026-036', '米橙', 4, '雄性', 9, '2016-12-03', '深蓝', 'https://upload.wikimedia.org/wikipedia/commons/5/5d/189_Red-and-green_macaw_couple_flying_in_Chapada_dos_Guimar%C3%A3es_National_Park_Photo_by_Giles_Laurent.jpg', '正常', '救助转入', '2025-08-05', '比较谨慎，对熟悉的饲养员反应较好。', '保持笼舍干燥，每日更换饮水。', '在园', '米橙是园区登记的牡丹鹦鹉，适合用于档案、预约和养护记录演示。', 1, '2026-06-30 08:40:00', '2026-06-30 08:40:00'),
(37, 'PAR-2026-037', '墨宝', 5, '雌性', 9, '2017-04-21', '深蓝', 'https://upload.wikimedia.org/wikipedia/commons/a/a7/Hyacinth_macaw_%28Anodorhynchus_hyacinthinus%29_head.JPG', '正常', '园区繁育', '2026-03-11', '比较谨慎，对熟悉的饲养员反应较好。', '训练前先给适应时间，避免突然靠近。', '在园', '墨宝是园区登记的金刚鹦鹉，适合用于档案、预约和养护记录演示。', 0, '2026-06-30 08:40:00', '2026-06-30 08:40:00'),
(38, 'PAR-2026-038', '暖橙', 6, '雌性', 8, '2017-11-15', '灰白', 'https://upload.wikimedia.org/wikipedia/commons/c/ce/Macaw_parrot_sitting_on_a_tree_branch.jpg_.jpg', '正常', '园区繁育', '2025-11-14', '喜欢观察环境，对熟悉的饲养员反应较好。', '换羽期补充青菜和少量水果。', '在园', '暖橙是园区登记的葵花凤头鹦鹉，适合用于档案、预约和养护记录演示。', 1, '2026-06-30 08:40:00', '2026-06-30 08:40:00'),
(39, 'PAR-2026-039', '阿星', 7, '未知', 3, '2023-02-12', '白黄', 'https://upload.wikimedia.org/wikipedia/commons/4/42/Red-and-green_macaw_%28Ara_chloropterus%29_juvenile.JPG', '正常', '救助转入', '2025-04-08', '训练积极，对熟悉的饲养员反应较好。', '训练前先给适应时间，避免突然靠近。', '在园', '阿星是园区登记的亚马逊鹦鹉，适合用于档案、预约和养护记录演示。', 1, '2026-06-30 08:40:00', '2026-06-30 08:40:00'),
(40, 'PAR-2026-040', '蓝点', 8, '雄性', 1, '2025-05-01', '蓝黄金', 'https://upload.wikimedia.org/wikipedia/commons/7/7c/A_budgerigar_in_Shiraz.jpg', '正常', '园区繁育', '2024-03-28', '胆子较大，对熟悉的饲养员反应较好。', '换羽期补充青菜和少量水果。', '在园', '蓝点是园区登记的折衷鹦鹉，适合用于档案、预约和养护记录演示。', 1, '2026-06-30 08:40:00', '2026-06-30 08:40:00'),
(41, 'PAR-2026-041', '可梨', 9, '雌性', 12, '2014-01-15', '浅灰', 'https://upload.wikimedia.org/wikipedia/commons/0/0f/Blue_Parrot_on_the_cage.jpg', '正常', '救助转入', '2024-06-09', '胆子较大，对熟悉的饲养员反应较好。', '留意啃咬行为，准备可替换玩具。', '在园', '可梨是园区登记的灰鹦鹉，适合用于档案、预约和养护记录演示。', 0, '2026-06-30 08:40:00', '2026-06-30 08:40:00'),
(42, 'PAR-2026-042', '七宝', 10, '雄性', 1, '2025-02-20', '绿色', 'https://upload.wikimedia.org/wikipedia/commons/8/8c/Budgerigar_by_Bipro.jpg', '正常', '园区繁育', '2024-07-12', '活泼好奇，对熟悉的饲养员反应较好。', '训练前先给适应时间，避免突然靠近。', '在园', '七宝是园区登记的小太阳鹦鹉，适合用于档案、预约和养护记录演示。', 1, '2026-06-30 08:40:00', '2026-06-30 08:40:00'),
(43, 'PAR-2026-043', '可橙', 11, '雄性', 12, '2014-01-28', '蓝黄金', 'https://upload.wikimedia.org/wikipedia/commons/a/a1/Green_budgerigar_parrot_in_mongolia%282%29.jpg', '观察中', '外部引进', '2025-10-13', '比较谨慎，对熟悉的饲养员反应较好。', '训练前先给适应时间，避免突然靠近。', '在园', '可橙是园区登记的凯克鹦鹉，适合用于档案、预约和养护记录演示。', 0, '2026-06-30 08:40:00', '2026-06-30 08:40:00'),
(44, 'PAR-2026-044', '小星', 12, '未知', 12, '2014-01-12', '蓝白', 'https://upload.wikimedia.org/wikipedia/commons/4/43/Green_budgerigar_parrot_in_mongolia.jpg', '观察中', '救助转入', '2024-03-19', '训练积极，对熟悉的饲养员反应较好。', '留意啃咬行为，准备可替换玩具。', '在园', '小星是园区登记的塞内加尔鹦鹉，适合用于档案、预约和养护记录演示。', 0, '2026-06-30 08:40:00', '2026-06-30 08:40:00'),
(45, 'PAR-2026-045', '豆云', 13, '未知', 9, '2017-06-03', '蓝白', 'https://upload.wikimedia.org/wikipedia/commons/d/d9/Parrot_yellow.jpg', '观察中', '合作机构转入', '2024-11-06', '喜欢观察环境，对熟悉的饲养员反应较好。', '换羽期补充青菜和少量水果。', '在园', '豆云是园区登记的红领绿鹦鹉，适合用于档案、预约和养护记录演示。', 0, '2026-06-30 08:40:00', '2026-06-30 08:40:00'),
(46, 'PAR-2026-046', '暖点', 14, '雌性', 7, '2019-01-05', '蓝白', 'https://upload.wikimedia.org/wikipedia/commons/2/2f/Nymphicus_hollandicus_-_Forst_01.jpg', '观察中', '合作机构转入', '2025-05-05', '活泼好奇，对熟悉的饲养员反应较好。', '留意啃咬行为，准备可替换玩具。', '在园', '暖点是园区登记的绯胸鹦鹉，适合用于档案、预约和养护记录演示。', 0, '2026-06-30 08:40:00', '2026-06-30 08:40:00'),
(47, 'PAR-2026-047', '阿点', 15, '未知', 10, '2016-06-15', '浅灰', 'https://upload.wikimedia.org/wikipedia/commons/2/2d/Nymphicus_hollandicus_-perching_on_wires_-Australia-6a.jpg', '观察中', '合作机构转入', '2025-08-26', '比较谨慎，对熟悉的饲养员反应较好。', '训练前先给适应时间，避免突然靠近。', '在园', '阿点是园区登记的红额鹦鹉，适合用于档案、预约和养护记录演示。', 0, '2026-06-30 08:40:00', '2026-06-30 08:40:00'),
(48, 'PAR-2026-048', '橙梨', 16, '雄性', 11, '2015-05-10', '蓝黄金', 'https://upload.wikimedia.org/wikipedia/commons/3/39/Nymphicus_hollandicus_162198224.jpg', '观察中', '救助转入', '2025-05-23', '喜欢观察环境，对熟悉的饲养员反应较好。', '留意啃咬行为，准备可替换玩具。', '在园', '橙梨是园区登记的紫蓝金刚鹦鹉，适合用于档案、预约和养护记录演示。', 0, '2026-06-30 08:40:00', '2026-06-30 08:40:00'),
(49, 'PAR-2026-049', '米点8', 1, '雄性', 9, '2017-01-27', '浅灰', 'https://upload.wikimedia.org/wikipedia/commons/b/b7/Nymphicus_hollandicus_Karratha_12.jpg', '观察中', '合作机构转入', '2024-02-04', '比较谨慎，对熟悉的饲养员反应较好。', '保持笼舍干燥，每日更换饮水。', '在园', '米点8是园区登记的虎皮鹦鹉，适合用于档案、预约和养护记录演示。', 0, '2026-06-30 08:40:00', '2026-06-30 08:40:00'),
(50, 'PAR-2026-050', '豆森', 2, '雌性', 3, '2023-03-02', '蓝黄金', 'https://upload.wikimedia.org/wikipedia/commons/7/76/Nymphicus_hollandicus_Karratha_3.jpg', '观察中', '合作机构转入', '2025-09-02', '安静温顺，对熟悉的饲养员反应较好。', '保持笼舍干燥，每日更换饮水。', '在园', '豆森是园区登记的玄凤鹦鹉，适合用于档案、预约和养护记录演示。', 0, '2026-06-30 08:40:00', '2026-06-30 08:40:00'),
(51, 'PAR-2026-051', '蓝米', 3, '雄性', 11, '2014-12-25', '深蓝', 'https://upload.wikimedia.org/wikipedia/commons/1/18/Nymphicus_hollandicus_Karratha_5.jpg', '观察中', '救助转入', '2024-04-07', '亲人稳定，对熟悉的饲养员反应较好。', '换羽期补充青菜和少量水果。', '观察中', '蓝米是园区登记的和尚鹦鹉，适合用于档案、预约和养护记录演示。', 0, '2026-06-30 08:40:00', '2026-06-30 08:40:00'),
(52, 'PAR-2026-052', '蓝木', 4, '雄性', 11, '2015-05-03', '浅灰', 'https://upload.wikimedia.org/wikipedia/commons/7/74/Nymphicus_hollandicus_MHNT.ZOO.2010.11.148.28.jpg', '观察中', '救助转入', '2024-08-25', '训练积极，对熟悉的饲养员反应较好。', '留意啃咬行为，准备可替换玩具。', '观察中', '蓝木是园区登记的牡丹鹦鹉，适合用于档案、预约和养护记录演示。', 0, '2026-06-30 08:40:00', '2026-06-30 08:40:00'),
(53, 'PAR-2026-053', '云芽', 5, '未知', 1, '2025-05-25', '白黄', 'https://upload.wikimedia.org/wikipedia/commons/8/8f/Parrot_Cockatiel_lutino.4months.jpg', '治疗中', '园区繁育', '2026-01-19', '亲人稳定，对熟悉的饲养员反应较好。', '换羽期补充青菜和少量水果。', '观察中', '云芽是园区登记的金刚鹦鹉，适合用于档案、预约和养护记录演示。', 0, '2026-06-30 08:40:00', '2026-06-30 08:40:00'),
(54, 'PAR-2026-054', '云梨', 6, '雄性', 3, '2023-04-17', '浅灰', 'https://upload.wikimedia.org/wikipedia/commons/d/d6/Agapornis_personatus%2C_TZ.jpg', '治疗中', '外部引进', '2024-09-05', '胆子较大，对熟悉的饲养员反应较好。', '换羽期补充青菜和少量水果。', '观察中', '云梨是园区登记的葵花凤头鹦鹉，适合用于档案、预约和养护记录演示。', 0, '2026-06-30 08:40:00', '2026-06-30 08:40:00'),
(55, 'PAR-2026-055', '星森', 7, '雄性', 11, '2014-11-04', '黄绿', 'https://upload.wikimedia.org/wikipedia/commons/e/e1/Agapornis_personatus.jpg', '治疗中', '合作机构转入', '2024-05-16', '胆子较大，对熟悉的饲养员反应较好。', '换羽期补充青菜和少量水果。', '观察中', '星森是园区登记的亚马逊鹦鹉，适合用于档案、预约和养护记录演示。', 0, '2026-06-30 08:40:00', '2026-06-30 08:40:00'),
(56, 'PAR-2026-056', '墨可', 8, '雄性', 12, '2014-05-11', '蓝白', 'https://upload.wikimedia.org/wikipedia/commons/0/0f/Agapornis_personatus_-Serengeti%2C_Tanzania-8.jpg', '治疗中', '合作机构转入', '2026-03-13', '活泼好奇，对熟悉的饲养员反应较好。', '保持笼舍干燥，每日更换饮水。', '已预约', '墨可是园区登记的折衷鹦鹉，适合用于档案、预约和养护记录演示。', 0, '2026-06-30 08:40:00', '2026-06-30 08:40:00'),
(57, 'PAR-2026-057', '安羽', 9, '雌性', 8, '2018-05-02', '蓝黄金', 'https://upload.wikimedia.org/wikipedia/commons/e/e5/Agapornis_personatus_46237534.jpg', '治疗中', '外部引进', '2024-07-09', '训练积极，对熟悉的饲养员反应较好。', '保持笼舍干燥，每日更换饮水。', '已预约', '安羽是园区登记的灰鹦鹉，适合用于档案、预约和养护记录演示。', 0, '2026-06-30 08:40:00', '2026-06-30 08:40:00'),
(58, 'PAR-2026-058', '安星', 10, '雄性', 12, '2014-02-15', '橙黄', 'https://upload.wikimedia.org/wikipedia/commons/3/30/Agapornis_personatus_MWNH_0579.JPG', '已预约', '合作机构转入', '2025-06-18', '比较谨慎，对熟悉的饲养员反应较好。', '训练前先给适应时间，避免突然靠近。', '已预约', '安星是园区登记的小太阳鹦鹉，适合用于档案、预约和养护记录演示。', 0, '2026-06-30 08:40:00', '2026-06-30 08:40:00'),
(59, 'PAR-2026-059', '蓝团8', 11, '雄性', 2, '2024-04-21', '绿色', 'https://upload.wikimedia.org/wikipedia/commons/d/dd/Agapornis_personatus_distribution.jpg', '已预约', '救助转入', '2024-09-29', '亲人稳定，对熟悉的饲养员反应较好。', '留意啃咬行为，准备可替换玩具。', '已预约', '蓝团8是园区登记的凯克鹦鹉，适合用于档案、预约和养护记录演示。', 0, '2026-06-30 08:40:00', '2026-06-30 08:40:00'),
(60, 'PAR-2026-060', '米木9', 12, '雌性', 4, '2022-05-03', '绿色', 'https://upload.wikimedia.org/wikipedia/commons/3/3e/Masked_Lovebird_%28blue_mutant%29.jpg', '已预约', '园区繁育', '2024-11-20', '活泼好奇，对熟悉的饲养员反应较好。', '留意啃咬行为，准备可替换玩具。', '已预约', '米木9是园区登记的塞内加尔鹦鹉，适合用于档案、预约和养护记录演示。', 0, '2026-06-30 08:40:00', '2026-06-30 08:40:00');

INSERT INTO health_record
(id, parrot_id, record_date, weight, spirit, appetite, feather, excrement, abnormal_symptoms, treatment, need_review, review_date, recorder_id, remark, create_time, update_time)
VALUES
(1, 1, '2026-06-24', 161.53, '活跃', '偏少', '顺滑', '偏稀', NULL, NULL, 0, NULL, NULL, '日常巡检记录，便于后台健康模块演示。', '2026-06-30 09:00:00', '2026-06-30 09:00:00'),
(2, 2, '2026-06-06', 684.37, '活跃', '正常', '正常', '偏稀', NULL, NULL, 0, NULL, NULL, '日常巡检记录，便于后台健康模块演示。', '2026-06-30 09:00:00', '2026-06-30 09:00:00'),
(3, 3, '2026-06-09', 767.69, '略低', '较好', '顺滑', '正常', NULL, NULL, 0, NULL, NULL, '日常巡检记录，便于后台健康模块演示。', '2026-06-30 09:00:00', '2026-06-30 09:00:00'),
(4, 4, '2026-06-03', 571.62, '一般', '较好', '顺滑', '偏稀', NULL, NULL, 0, NULL, NULL, '日常巡检记录，便于后台健康模块演示。', '2026-06-30 09:00:00', '2026-06-30 09:00:00'),
(5, 5, '2026-06-15', 431.0, '一般', '偏少', '正常', '成形', NULL, NULL, 0, NULL, NULL, '日常巡检记录，便于后台健康模块演示。', '2026-06-30 09:00:00', '2026-06-30 09:00:00'),
(6, 6, '2026-06-14', 836.11, '一般', '一般', '轻微凌乱', '偏稀', NULL, NULL, 0, NULL, NULL, '日常巡检记录，便于后台健康模块演示。', '2026-06-30 09:00:00', '2026-06-30 09:00:00'),
(7, 7, '2026-06-07', 611.45, '略低', '正常', '换羽中', '正常', NULL, NULL, 0, NULL, NULL, '日常巡检记录，便于后台健康模块演示。', '2026-06-30 09:00:00', '2026-06-30 09:00:00'),
(8, 8, '2026-06-28', 135.82, '活跃', '一般', '正常', '偏稀', NULL, NULL, 0, NULL, NULL, '日常巡检记录，便于后台健康模块演示。', '2026-06-30 09:00:00', '2026-06-30 09:00:00'),
(9, 9, '2026-06-02', 337.51, '正常', '一般', '换羽中', '正常', NULL, NULL, 0, NULL, NULL, '日常巡检记录，便于后台健康模块演示。', '2026-06-30 09:00:00', '2026-06-30 09:00:00'),
(10, 10, '2026-06-15', 611.94, '略低', '正常', '换羽中', '正常', NULL, NULL, 0, NULL, NULL, '日常巡检记录，便于后台健康模块演示。', '2026-06-30 09:00:00', '2026-06-30 09:00:00'),
(11, 11, '2026-06-27', 55.6, '略低', '偏少', '正常', '偏稀', '食欲比平时偏少', '减少训练强度，连续记录饮食和精神状态。', 1, '2026-07-04', NULL, '日常巡检记录，便于后台健康模块演示。', '2026-06-30 09:00:00', '2026-06-30 09:00:00'),
(12, 12, '2026-06-19', 821.82, '略低', '较好', '顺滑', '偏稀', NULL, NULL, 0, NULL, NULL, '日常巡检记录，便于后台健康模块演示。', '2026-06-30 09:00:00', '2026-06-30 09:00:00'),
(13, 13, '2026-06-18', 579.78, '一般', '较好', '换羽中', '偏稀', NULL, NULL, 0, NULL, NULL, '日常巡检记录，便于后台健康模块演示。', '2026-06-30 09:00:00', '2026-06-30 09:00:00'),
(14, 14, '2026-06-09', 560.36, '正常', '偏少', '换羽中', '正常', NULL, NULL, 0, NULL, NULL, '日常巡检记录，便于后台健康模块演示。', '2026-06-30 09:00:00', '2026-06-30 09:00:00'),
(15, 15, '2026-06-07', 734.15, '活跃', '较好', '正常', '偏稀', NULL, NULL, 0, NULL, NULL, '日常巡检记录，便于后台健康模块演示。', '2026-06-30 09:00:00', '2026-06-30 09:00:00'),
(16, 16, '2026-06-10', 505.68, '正常', '一般', '正常', '正常', NULL, NULL, 0, NULL, NULL, '日常巡检记录，便于后台健康模块演示。', '2026-06-30 09:00:00', '2026-06-30 09:00:00'),
(17, 17, '2026-06-14', 303.41, '略低', '偏少', '换羽中', '偏稀', NULL, NULL, 0, NULL, NULL, '日常巡检记录，便于后台健康模块演示。', '2026-06-30 09:00:00', '2026-06-30 09:00:00'),
(18, 18, '2026-06-30', 56.67, '正常', '较好', '轻微凌乱', '成形', NULL, NULL, 0, NULL, NULL, '日常巡检记录，便于后台健康模块演示。', '2026-06-30 09:00:00', '2026-06-30 09:00:00'),
(19, 19, '2026-06-23', 632.41, '略低', '较好', '顺滑', '正常', NULL, NULL, 0, NULL, NULL, '日常巡检记录，便于后台健康模块演示。', '2026-06-30 09:00:00', '2026-06-30 09:00:00'),
(20, 20, '2026-06-30', 779.96, '活跃', '正常', '正常', '正常', NULL, NULL, 0, NULL, NULL, '日常巡检记录，便于后台健康模块演示。', '2026-06-30 09:00:00', '2026-06-30 09:00:00'),
(21, 21, '2026-06-12', 568.94, '略低', '偏少', '换羽中', '偏稀', NULL, NULL, 0, NULL, NULL, '日常巡检记录，便于后台健康模块演示。', '2026-06-30 09:00:00', '2026-06-30 09:00:00'),
(22, 22, '2026-06-25', 306.96, '略低', '一般', '轻微凌乱', '偏稀', '粪便偏稀', '减少训练强度，连续记录饮食和精神状态。', 1, '2026-07-07', NULL, '日常巡检记录，便于后台健康模块演示。', '2026-06-30 09:00:00', '2026-06-30 09:00:00'),
(23, 23, '2026-06-27', 611.67, '活跃', '一般', '轻微凌乱', '成形', NULL, NULL, 0, NULL, NULL, '日常巡检记录，便于后台健康模块演示。', '2026-06-30 09:00:00', '2026-06-30 09:00:00'),
(24, 24, '2026-06-20', 508.84, '正常', '偏少', '顺滑', '偏稀', NULL, NULL, 0, NULL, NULL, '日常巡检记录，便于后台健康模块演示。', '2026-06-30 09:00:00', '2026-06-30 09:00:00'),
(25, 25, '2026-06-13', 618.29, '一般', '偏少', '顺滑', '正常', NULL, NULL, 0, NULL, NULL, '日常巡检记录，便于后台健康模块演示。', '2026-06-30 09:00:00', '2026-06-30 09:00:00'),
(26, 26, '2026-06-24', 766.09, '活跃', '一般', '换羽中', '正常', NULL, NULL, 0, NULL, NULL, '日常巡检记录，便于后台健康模块演示。', '2026-06-30 09:00:00', '2026-06-30 09:00:00'),
(27, 27, '2026-06-22', 947.48, '略低', '正常', '正常', '正常', NULL, NULL, 0, NULL, NULL, '日常巡检记录，便于后台健康模块演示。', '2026-06-30 09:00:00', '2026-06-30 09:00:00'),
(28, 28, '2026-06-07', 461.39, '一般', '偏少', '轻微凌乱', '成形', NULL, NULL, 0, NULL, NULL, '日常巡检记录，便于后台健康模块演示。', '2026-06-30 09:00:00', '2026-06-30 09:00:00'),
(29, 29, '2026-06-27', 432.68, '活跃', '较好', '正常', '成形', NULL, NULL, 0, NULL, NULL, '日常巡检记录，便于后台健康模块演示。', '2026-06-30 09:00:00', '2026-06-30 09:00:00'),
(30, 30, '2026-06-12', 217.25, '正常', '正常', '正常', '偏稀', NULL, NULL, 0, NULL, NULL, '日常巡检记录，便于后台健康模块演示。', '2026-06-30 09:00:00', '2026-06-30 09:00:00'),
(31, 31, '2026-06-26', 946.96, '活跃', '一般', '顺滑', '正常', NULL, NULL, 0, NULL, NULL, '日常巡检记录，便于后台健康模块演示。', '2026-06-30 09:00:00', '2026-06-30 09:00:00'),
(32, 32, '2026-06-05', 460.58, '略低', '一般', '正常', '正常', NULL, NULL, 0, NULL, NULL, '日常巡检记录，便于后台健康模块演示。', '2026-06-30 09:00:00', '2026-06-30 09:00:00'),
(33, 33, '2026-06-03', 920.94, '略低', '一般', '换羽中', '偏稀', '换羽期羽毛略凌乱', '减少训练强度，连续记录饮食和精神状态。', 1, '2026-07-04', NULL, '日常巡检记录，便于后台健康模块演示。', '2026-06-30 09:00:00', '2026-06-30 09:00:00'),
(34, 34, '2026-06-21', 662.59, '一般', '偏少', '顺滑', '成形', NULL, NULL, 0, NULL, NULL, '日常巡检记录，便于后台健康模块演示。', '2026-06-30 09:00:00', '2026-06-30 09:00:00'),
(35, 35, '2026-06-11', 730.59, '略低', '较好', '换羽中', '正常', NULL, NULL, 0, NULL, NULL, '日常巡检记录，便于后台健康模块演示。', '2026-06-30 09:00:00', '2026-06-30 09:00:00'),
(36, 36, '2026-06-27', 264.16, '一般', '较好', '顺滑', '偏稀', NULL, NULL, 0, NULL, NULL, '日常巡检记录，便于后台健康模块演示。', '2026-06-30 09:00:00', '2026-06-30 09:00:00'),
(37, 37, '2026-06-22', 189.95, '一般', '较好', '正常', '正常', NULL, NULL, 0, NULL, NULL, '日常巡检记录，便于后台健康模块演示。', '2026-06-30 09:00:00', '2026-06-30 09:00:00'),
(38, 38, '2026-06-18', 770.31, '略低', '较好', '正常', '正常', NULL, NULL, 0, NULL, NULL, '日常巡检记录，便于后台健康模块演示。', '2026-06-30 09:00:00', '2026-06-30 09:00:00'),
(39, 39, '2026-06-14', 399.13, '活跃', '较好', '顺滑', '正常', NULL, NULL, 0, NULL, NULL, '日常巡检记录，便于后台健康模块演示。', '2026-06-30 09:00:00', '2026-06-30 09:00:00'),
(40, 40, '2026-06-04', 774.53, '正常', '一般', '正常', '成形', NULL, NULL, 0, NULL, NULL, '日常巡检记录，便于后台健康模块演示。', '2026-06-30 09:00:00', '2026-06-30 09:00:00'),
(41, 41, '2026-06-09', 741.44, '活跃', '偏少', '正常', '偏稀', NULL, NULL, 0, NULL, NULL, '日常巡检记录，便于后台健康模块演示。', '2026-06-30 09:00:00', '2026-06-30 09:00:00'),
(42, 42, '2026-06-05', 644.93, '活跃', '较好', '轻微凌乱', '偏稀', NULL, NULL, 0, NULL, NULL, '日常巡检记录，便于后台健康模块演示。', '2026-06-30 09:00:00', '2026-06-30 09:00:00'),
(43, 43, '2026-06-06', 107.61, '活跃', '偏少', '换羽中', '成形', '精神略低，需继续观察', '减少训练强度，连续记录饮食和精神状态。', 1, '2026-07-03', NULL, '日常巡检记录，便于后台健康模块演示。', '2026-06-30 09:00:00', '2026-06-30 09:00:00'),
(44, 44, '2026-06-21', 526.47, '一般', '偏少', '正常', '正常', '粪便偏稀', '减少训练强度，连续记录饮食和精神状态。', 1, '2026-07-03', NULL, '日常巡检记录，便于后台健康模块演示。', '2026-06-30 09:00:00', '2026-06-30 09:00:00'),
(45, 45, '2026-06-27', 476.54, '略低', '较好', '顺滑', '偏稀', '粪便偏稀', '减少训练强度，连续记录饮食和精神状态。', 1, '2026-07-07', NULL, '日常巡检记录，便于后台健康模块演示。', '2026-06-30 09:00:00', '2026-06-30 09:00:00');

INSERT INTO feeding_record
(id, parrot_id, feeding_date, feeding_time, main_food, supplement, amount, water, is_finished, leftover, recorder_id, remark, create_time, update_time)
VALUES
(1, 1, '2026-06-27', '17:20:00', '混合谷物', '青菜', '约40g', '偏少', 1, '基本吃完', NULL, '按日常标准完成喂养登记。', '2026-06-30 10:00:00', '2026-06-30 10:00:00'),
(2, 2, '2026-06-20', '08:30:00', '软食', '维生素水', '约51g', '正常', 1, '基本吃完', NULL, '按日常标准完成喂养登记。', '2026-06-30 10:00:00', '2026-06-30 10:00:00'),
(3, 3, '2026-06-21', '09:00:00', '软食', '青菜', '约34g', '已更换', 1, '基本吃完', NULL, '按日常标准完成喂养登记。', '2026-06-30 10:00:00', '2026-06-30 10:00:00'),
(4, 4, '2026-06-20', '16:30:00', '谷穗', '青菜', '约49g', '偏少', 1, '基本吃完', NULL, '按日常标准完成喂养登记。', '2026-06-30 10:00:00', '2026-06-30 10:00:00'),
(5, 5, '2026-06-11', '16:30:00', '鹦鹉颗粒粮', '少量坚果', '约47g', '已更换', 1, '基本吃完', NULL, '按日常标准完成喂养登记。', '2026-06-30 10:00:00', '2026-06-30 10:00:00'),
(6, 6, '2026-06-20', '08:30:00', '低脂种子配方', '胡萝卜丁', '约41g', '偏少', 1, '基本吃完', NULL, '按日常标准完成喂养登记。', '2026-06-30 10:00:00', '2026-06-30 10:00:00'),
(7, 7, '2026-06-30', '17:20:00', '软食', '少量坚果', '约50g', '偏少', 1, '基本吃完', NULL, '按日常标准完成喂养登记。', '2026-06-30 10:00:00', '2026-06-30 10:00:00'),
(8, 8, '2026-06-11', '17:20:00', '鹦鹉颗粒粮', '少量坚果', '约37g', '已更换', 1, '基本吃完', NULL, '按日常标准完成喂养登记。', '2026-06-30 10:00:00', '2026-06-30 10:00:00'),
(9, 9, '2026-06-19', '08:30:00', '软食', '少量坚果', '约49g', '已更换', 1, '基本吃完', NULL, '按日常标准完成喂养登记。', '2026-06-30 10:00:00', '2026-06-30 10:00:00'),
(10, 10, '2026-06-21', '17:20:00', '混合谷物', '苹果小块', '约30g', '偏少', 1, '基本吃完', NULL, '按日常标准完成喂养登记。', '2026-06-30 10:00:00', '2026-06-30 10:00:00'),
(11, 11, '2026-06-20', '09:00:00', '低脂种子配方', '维生素水', '约25g', '偏少', 1, '基本吃完', NULL, '按日常标准完成喂养登记。', '2026-06-30 10:00:00', '2026-06-30 10:00:00'),
(12, 12, '2026-06-12', '09:00:00', '混合谷物', '青菜', '约19g', '偏少', 1, '基本吃完', NULL, '按日常标准完成喂养登记。', '2026-06-30 10:00:00', '2026-06-30 10:00:00'),
(13, 13, '2026-06-16', '09:00:00', '低脂种子配方', '少量坚果', '约42g', '正常', 0, '剩余较多', NULL, '按日常标准完成喂养登记。', '2026-06-30 10:00:00', '2026-06-30 10:00:00'),
(14, 14, '2026-06-12', '08:30:00', '鹦鹉颗粒粮', '维生素水', '约44g', '偏少', 1, '基本吃完', NULL, '按日常标准完成喂养登记。', '2026-06-30 10:00:00', '2026-06-30 10:00:00'),
(15, 15, '2026-06-24', '17:20:00', '混合谷物', '苹果小块', '约55g', '正常', 1, '基本吃完', NULL, '按日常标准完成喂养登记。', '2026-06-30 10:00:00', '2026-06-30 10:00:00'),
(16, 16, '2026-06-22', '17:20:00', '低脂种子配方', '胡萝卜丁', '约34g', '偏少', 1, '基本吃完', NULL, '按日常标准完成喂养登记。', '2026-06-30 10:00:00', '2026-06-30 10:00:00'),
(17, 17, '2026-06-20', '16:30:00', '谷穗', '苹果小块', '约41g', '已更换', 1, '基本吃完', NULL, '按日常标准完成喂养登记。', '2026-06-30 10:00:00', '2026-06-30 10:00:00'),
(18, 18, '2026-06-29', '17:20:00', '软食', '少量坚果', '约35g', '已更换', 1, '基本吃完', NULL, '按日常标准完成喂养登记。', '2026-06-30 10:00:00', '2026-06-30 10:00:00'),
(19, 19, '2026-06-15', '17:20:00', '软食', '少量坚果', '约18g', '偏少', 1, '基本吃完', NULL, '按日常标准完成喂养登记。', '2026-06-30 10:00:00', '2026-06-30 10:00:00'),
(20, 20, '2026-06-20', '09:00:00', '谷穗', '少量坚果', '约53g', '已更换', 1, '基本吃完', NULL, '按日常标准完成喂养登记。', '2026-06-30 10:00:00', '2026-06-30 10:00:00'),
(21, 21, '2026-06-23', '16:30:00', '低脂种子配方', '苹果小块', '约45g', '正常', 1, '基本吃完', NULL, '按日常标准完成喂养登记。', '2026-06-30 10:00:00', '2026-06-30 10:00:00'),
(22, 22, '2026-06-17', '16:30:00', '软食', '少量坚果', '约54g', '已更换', 1, '基本吃完', NULL, '按日常标准完成喂养登记。', '2026-06-30 10:00:00', '2026-06-30 10:00:00'),
(23, 23, '2026-06-16', '08:30:00', '混合谷物', '苹果小块', '约46g', '已更换', 1, '基本吃完', NULL, '按日常标准完成喂养登记。', '2026-06-30 10:00:00', '2026-06-30 10:00:00'),
(24, 24, '2026-06-21', '17:20:00', '低脂种子配方', '少量坚果', '约19g', '正常', 1, '基本吃完', NULL, '按日常标准完成喂养登记。', '2026-06-30 10:00:00', '2026-06-30 10:00:00'),
(25, 25, '2026-06-13', '09:00:00', '低脂种子配方', '维生素水', '约25g', '正常', 1, '基本吃完', NULL, '按日常标准完成喂养登记。', '2026-06-30 10:00:00', '2026-06-30 10:00:00'),
(26, 26, '2026-06-17', '09:00:00', '软食', '苹果小块', '约25g', '偏少', 0, '剩余较多', NULL, '按日常标准完成喂养登记。', '2026-06-30 10:00:00', '2026-06-30 10:00:00'),
(27, 27, '2026-06-24', '08:30:00', '谷穗', '少量坚果', '约48g', '偏少', 1, '基本吃完', NULL, '按日常标准完成喂养登记。', '2026-06-30 10:00:00', '2026-06-30 10:00:00'),
(28, 28, '2026-06-21', '17:20:00', '软食', '苹果小块', '约45g', '已更换', 1, '基本吃完', NULL, '按日常标准完成喂养登记。', '2026-06-30 10:00:00', '2026-06-30 10:00:00'),
(29, 29, '2026-06-21', '17:20:00', '混合谷物', '少量坚果', '约19g', '偏少', 1, '基本吃完', NULL, '按日常标准完成喂养登记。', '2026-06-30 10:00:00', '2026-06-30 10:00:00'),
(30, 30, '2026-06-15', '17:20:00', '混合谷物', '苹果小块', '约22g', '正常', 1, '基本吃完', NULL, '按日常标准完成喂养登记。', '2026-06-30 10:00:00', '2026-06-30 10:00:00'),
(31, 31, '2026-06-27', '09:00:00', '低脂种子配方', '胡萝卜丁', '约22g', '正常', 1, '基本吃完', NULL, '按日常标准完成喂养登记。', '2026-06-30 10:00:00', '2026-06-30 10:00:00'),
(32, 32, '2026-06-13', '17:20:00', '低脂种子配方', '维生素水', '约32g', '已更换', 1, '基本吃完', NULL, '按日常标准完成喂养登记。', '2026-06-30 10:00:00', '2026-06-30 10:00:00'),
(33, 33, '2026-06-19', '09:00:00', '软食', '胡萝卜丁', '约50g', '已更换', 1, '基本吃完', NULL, '按日常标准完成喂养登记。', '2026-06-30 10:00:00', '2026-06-30 10:00:00'),
(34, 34, '2026-06-25', '17:20:00', '谷穗', '维生素水', '约40g', '正常', 1, '基本吃完', NULL, '按日常标准完成喂养登记。', '2026-06-30 10:00:00', '2026-06-30 10:00:00'),
(35, 35, '2026-06-13', '08:30:00', '鹦鹉颗粒粮', '青菜', '约41g', '已更换', 1, '基本吃完', NULL, '按日常标准完成喂养登记。', '2026-06-30 10:00:00', '2026-06-30 10:00:00'),
(36, 36, '2026-06-24', '09:00:00', '软食', '苹果小块', '约50g', '正常', 1, '基本吃完', NULL, '按日常标准完成喂养登记。', '2026-06-30 10:00:00', '2026-06-30 10:00:00'),
(37, 37, '2026-06-22', '09:00:00', '谷穗', '胡萝卜丁', '约48g', '偏少', 1, '基本吃完', NULL, '按日常标准完成喂养登记。', '2026-06-30 10:00:00', '2026-06-30 10:00:00'),
(38, 38, '2026-06-28', '17:20:00', '低脂种子配方', '苹果小块', '约51g', '正常', 1, '基本吃完', NULL, '按日常标准完成喂养登记。', '2026-06-30 10:00:00', '2026-06-30 10:00:00'),
(39, 39, '2026-06-26', '17:20:00', '谷穗', '青菜', '约31g', '正常', 0, '剩余较多', NULL, '按日常标准完成喂养登记。', '2026-06-30 10:00:00', '2026-06-30 10:00:00'),
(40, 40, '2026-06-19', '08:30:00', '软食', '维生素水', '约42g', '正常', 1, '基本吃完', NULL, '按日常标准完成喂养登记。', '2026-06-30 10:00:00', '2026-06-30 10:00:00'),
(41, 41, '2026-06-29', '09:00:00', '混合谷物', '维生素水', '约18g', '偏少', 1, '基本吃完', NULL, '按日常标准完成喂养登记。', '2026-06-30 10:00:00', '2026-06-30 10:00:00'),
(42, 42, '2026-06-21', '16:30:00', '鹦鹉颗粒粮', '少量坚果', '约24g', '正常', 1, '基本吃完', NULL, '按日常标准完成喂养登记。', '2026-06-30 10:00:00', '2026-06-30 10:00:00'),
(43, 43, '2026-06-12', '08:30:00', '鹦鹉颗粒粮', '苹果小块', '约55g', '正常', 1, '基本吃完', NULL, '按日常标准完成喂养登记。', '2026-06-30 10:00:00', '2026-06-30 10:00:00'),
(44, 44, '2026-06-26', '08:30:00', '谷穗', '胡萝卜丁', '约53g', '正常', 1, '基本吃完', NULL, '按日常标准完成喂养登记。', '2026-06-30 10:00:00', '2026-06-30 10:00:00'),
(45, 45, '2026-06-11', '16:30:00', '鹦鹉颗粒粮', '苹果小块', '约43g', '正常', 1, '基本吃完', NULL, '按日常标准完成喂养登记。', '2026-06-30 10:00:00', '2026-06-30 10:00:00'),
(46, 46, '2026-06-17', '17:20:00', '软食', '维生素水', '约33g', '已更换', 1, '基本吃完', NULL, '按日常标准完成喂养登记。', '2026-06-30 10:00:00', '2026-06-30 10:00:00'),
(47, 47, '2026-06-11', '17:20:00', '低脂种子配方', '青菜', '约42g', '已更换', 1, '基本吃完', NULL, '按日常标准完成喂养登记。', '2026-06-30 10:00:00', '2026-06-30 10:00:00'),
(48, 48, '2026-06-13', '16:30:00', '低脂种子配方', '少量坚果', '约37g', '已更换', 1, '基本吃完', NULL, '按日常标准完成喂养登记。', '2026-06-30 10:00:00', '2026-06-30 10:00:00'),
(49, 49, '2026-06-22', '09:00:00', '低脂种子配方', '青菜', '约32g', '已更换', 1, '基本吃完', NULL, '按日常标准完成喂养登记。', '2026-06-30 10:00:00', '2026-06-30 10:00:00'),
(50, 50, '2026-06-13', '09:00:00', '混合谷物', '维生素水', '约39g', '偏少', 1, '基本吃完', NULL, '按日常标准完成喂养登记。', '2026-06-30 10:00:00', '2026-06-30 10:00:00');

INSERT INTO training_record
(id, parrot_id, training_date, duration, project, content, cooperation, completion, reward, next_suggestion, recorder_id, remark, create_time, update_time)
VALUES
(1, 1, '2026-06-24', 9, '召回训练', '围绕召回训练进行低强度重复练习，观察情绪和配合度。', '较好', '部分完成', '葵花籽', '下次继续保持短时间、多次数训练。', NULL, '训练记录用于展示日常行为管理过程。', '2026-06-30 11:00:00', '2026-06-30 11:00:00'),
(2, 2, '2026-06-21', 20, '上手训练', '围绕上手训练进行低强度重复练习，观察情绪和配合度。', '需要引导', '部分完成', '口头奖励', '下次继续保持短时间、多次数训练。', NULL, '训练记录用于展示日常行为管理过程。', '2026-06-30 11:00:00', '2026-06-30 11:00:00'),
(3, 3, '2026-06-13', 21, '定点停留', '围绕定点停留进行低强度重复练习，观察情绪和配合度。', '一般', '完成', '少量谷穗', '下次继续保持短时间、多次数训练。', NULL, '训练记录用于展示日常行为管理过程。', '2026-06-30 11:00:00', '2026-06-30 11:00:00'),
(4, 4, '2026-06-10', 28, '定点停留', '围绕定点停留进行低强度重复练习，观察情绪和配合度。', '很好', '完成', '口头奖励', '下次继续保持短时间、多次数训练。', NULL, '训练记录用于展示日常行为管理过程。', '2026-06-30 11:00:00', '2026-06-30 11:00:00'),
(5, 5, '2026-06-14', 8, '上手训练', '围绕上手训练进行低强度重复练习，观察情绪和配合度。', '较好', '完成', '少量谷穗', '下次继续保持短时间、多次数训练。', NULL, '训练记录用于展示日常行为管理过程。', '2026-06-30 11:00:00', '2026-06-30 11:00:00'),
(6, 6, '2026-06-26', 28, '口令回应', '围绕口令回应进行低强度重复练习，观察情绪和配合度。', '很好', '未完成', '口头奖励', '下次继续保持短时间、多次数训练。', NULL, '训练记录用于展示日常行为管理过程。', '2026-06-30 11:00:00', '2026-06-30 11:00:00'),
(7, 7, '2026-06-20', 12, '上手训练', '围绕上手训练进行低强度重复练习，观察情绪和配合度。', '一般', '完成', '短暂休息', '下次继续保持短时间、多次数训练。', NULL, '训练记录用于展示日常行为管理过程。', '2026-06-30 11:00:00', '2026-06-30 11:00:00'),
(8, 8, '2026-06-24', 27, '上手训练', '围绕上手训练进行低强度重复练习，观察情绪和配合度。', '较好', '完成', '短暂休息', '下次继续保持短时间、多次数训练。', NULL, '训练记录用于展示日常行为管理过程。', '2026-06-30 11:00:00', '2026-06-30 11:00:00'),
(9, 9, '2026-06-17', 27, '召回训练', '围绕召回训练进行低强度重复练习，观察情绪和配合度。', '较好', '未完成', '口头奖励', '下次继续保持短时间、多次数训练。', NULL, '训练记录用于展示日常行为管理过程。', '2026-06-30 11:00:00', '2026-06-30 11:00:00'),
(10, 10, '2026-06-22', 18, '上手训练', '围绕上手训练进行低强度重复练习，观察情绪和配合度。', '很好', '完成', '口头奖励', '下次继续保持短时间、多次数训练。', NULL, '训练记录用于展示日常行为管理过程。', '2026-06-30 11:00:00', '2026-06-30 11:00:00'),
(11, 11, '2026-06-29', 20, '召回训练', '围绕召回训练进行低强度重复练习，观察情绪和配合度。', '一般', '未完成', '口头奖励', '下次继续保持短时间、多次数训练。', NULL, '训练记录用于展示日常行为管理过程。', '2026-06-30 11:00:00', '2026-06-30 11:00:00'),
(12, 12, '2026-06-12', 13, '上手训练', '围绕上手训练进行低强度重复练习，观察情绪和配合度。', '很好', '完成', '葵花籽', '下次继续保持短时间、多次数训练。', NULL, '训练记录用于展示日常行为管理过程。', '2026-06-30 11:00:00', '2026-06-30 11:00:00'),
(13, 13, '2026-06-10', 26, '召回训练', '围绕召回训练进行低强度重复练习，观察情绪和配合度。', '需要引导', '部分完成', '葵花籽', '下次继续保持短时间、多次数训练。', NULL, '训练记录用于展示日常行为管理过程。', '2026-06-30 11:00:00', '2026-06-30 11:00:00'),
(14, 14, '2026-06-10', 30, '口令回应', '围绕口令回应进行低强度重复练习，观察情绪和配合度。', '一般', '部分完成', '葵花籽', '下次继续保持短时间、多次数训练。', NULL, '训练记录用于展示日常行为管理过程。', '2026-06-30 11:00:00', '2026-06-30 11:00:00'),
(15, 15, '2026-06-21', 28, '定点停留', '围绕定点停留进行低强度重复练习，观察情绪和配合度。', '一般', '部分完成', '葵花籽', '下次继续保持短时间、多次数训练。', NULL, '训练记录用于展示日常行为管理过程。', '2026-06-30 11:00:00', '2026-06-30 11:00:00'),
(16, 16, '2026-06-15', 10, '定点停留', '围绕定点停留进行低强度重复练习，观察情绪和配合度。', '较好', '未完成', '口头奖励', '下次继续保持短时间、多次数训练。', NULL, '训练记录用于展示日常行为管理过程。', '2026-06-30 11:00:00', '2026-06-30 11:00:00'),
(17, 17, '2026-06-26', 11, '召回训练', '围绕召回训练进行低强度重复练习，观察情绪和配合度。', '一般', '未完成', '口头奖励', '下次继续保持短时间、多次数训练。', NULL, '训练记录用于展示日常行为管理过程。', '2026-06-30 11:00:00', '2026-06-30 11:00:00'),
(18, 18, '2026-06-07', 15, '口令回应', '围绕口令回应进行低强度重复练习，观察情绪和配合度。', '很好', '部分完成', '葵花籽', '下次继续保持短时间、多次数训练。', NULL, '训练记录用于展示日常行为管理过程。', '2026-06-30 11:00:00', '2026-06-30 11:00:00'),
(19, 19, '2026-06-18', 28, '召回训练', '围绕召回训练进行低强度重复练习，观察情绪和配合度。', '需要引导', '完成', '口头奖励', '下次继续保持短时间、多次数训练。', NULL, '训练记录用于展示日常行为管理过程。', '2026-06-30 11:00:00', '2026-06-30 11:00:00'),
(20, 20, '2026-06-27', 11, '环境适应', '围绕环境适应进行低强度重复练习，观察情绪和配合度。', '一般', '部分完成', '葵花籽', '下次继续保持短时间、多次数训练。', NULL, '训练记录用于展示日常行为管理过程。', '2026-06-30 11:00:00', '2026-06-30 11:00:00'),
(21, 21, '2026-06-25', 25, '上手训练', '围绕上手训练进行低强度重复练习，观察情绪和配合度。', '需要引导', '完成', '葵花籽', '下次继续保持短时间、多次数训练。', NULL, '训练记录用于展示日常行为管理过程。', '2026-06-30 11:00:00', '2026-06-30 11:00:00'),
(22, 22, '2026-06-17', 24, '口令回应', '围绕口令回应进行低强度重复练习，观察情绪和配合度。', '很好', '完成', '短暂休息', '下次继续保持短时间、多次数训练。', NULL, '训练记录用于展示日常行为管理过程。', '2026-06-30 11:00:00', '2026-06-30 11:00:00'),
(23, 23, '2026-06-29', 14, '口令回应', '围绕口令回应进行低强度重复练习，观察情绪和配合度。', '一般', '部分完成', '葵花籽', '下次继续保持短时间、多次数训练。', NULL, '训练记录用于展示日常行为管理过程。', '2026-06-30 11:00:00', '2026-06-30 11:00:00'),
(24, 24, '2026-06-16', 21, '上手训练', '围绕上手训练进行低强度重复练习，观察情绪和配合度。', '需要引导', '完成', '口头奖励', '下次继续保持短时间、多次数训练。', NULL, '训练记录用于展示日常行为管理过程。', '2026-06-30 11:00:00', '2026-06-30 11:00:00'),
(25, 25, '2026-06-08', 14, '口令回应', '围绕口令回应进行低强度重复练习，观察情绪和配合度。', '很好', '未完成', '少量谷穗', '下次继续保持短时间、多次数训练。', NULL, '训练记录用于展示日常行为管理过程。', '2026-06-30 11:00:00', '2026-06-30 11:00:00'),
(26, 26, '2026-06-22', 23, '召回训练', '围绕召回训练进行低强度重复练习，观察情绪和配合度。', '较好', '完成', '口头奖励', '下次继续保持短时间、多次数训练。', NULL, '训练记录用于展示日常行为管理过程。', '2026-06-30 11:00:00', '2026-06-30 11:00:00'),
(27, 27, '2026-06-05', 24, '召回训练', '围绕召回训练进行低强度重复练习，观察情绪和配合度。', '很好', '完成', '口头奖励', '下次继续保持短时间、多次数训练。', NULL, '训练记录用于展示日常行为管理过程。', '2026-06-30 11:00:00', '2026-06-30 11:00:00'),
(28, 28, '2026-06-22', 24, '召回训练', '围绕召回训练进行低强度重复练习，观察情绪和配合度。', '较好', '未完成', '少量谷穗', '下次继续保持短时间、多次数训练。', NULL, '训练记录用于展示日常行为管理过程。', '2026-06-30 11:00:00', '2026-06-30 11:00:00'),
(29, 29, '2026-06-16', 28, '召回训练', '围绕召回训练进行低强度重复练习，观察情绪和配合度。', '较好', '完成', '少量谷穗', '下次继续保持短时间、多次数训练。', NULL, '训练记录用于展示日常行为管理过程。', '2026-06-30 11:00:00', '2026-06-30 11:00:00'),
(30, 30, '2026-06-14', 22, '召回训练', '围绕召回训练进行低强度重复练习，观察情绪和配合度。', '一般', '部分完成', '葵花籽', '下次继续保持短时间、多次数训练。', NULL, '训练记录用于展示日常行为管理过程。', '2026-06-30 11:00:00', '2026-06-30 11:00:00'),
(31, 31, '2026-06-16', 22, '上手训练', '围绕上手训练进行低强度重复练习，观察情绪和配合度。', '较好', '未完成', '少量谷穗', '下次继续保持短时间、多次数训练。', NULL, '训练记录用于展示日常行为管理过程。', '2026-06-30 11:00:00', '2026-06-30 11:00:00'),
(32, 32, '2026-06-21', 29, '环境适应', '围绕环境适应进行低强度重复练习，观察情绪和配合度。', '很好', '完成', '口头奖励', '下次继续保持短时间、多次数训练。', NULL, '训练记录用于展示日常行为管理过程。', '2026-06-30 11:00:00', '2026-06-30 11:00:00');

INSERT INTO notice
(id, title, content, type, cover_image, publish_status, publish_time, creator_id, create_time, update_time)
VALUES
(1, '园区开放预约咨询服务', '客户可在前台选择公开展示的鹦鹉并提交咨询预约，工作人员会在后台统一处理。', '系统公告', 'https://upload.wikimedia.org/wikipedia/commons/4/42/Red-and-green_macaw_%28Ara_chloropterus%29_juvenile.JPG', '已发布', '2026-06-21 09:00:00', NULL, '2026-06-30 08:00:00', '2026-06-30 08:00:00'),
(2, '换羽期的基础照护建议', '换羽期要保持环境安静，注意补充新鲜蔬果和干净饮水，并持续观察精神状态。', '饲养知识', 'https://upload.wikimedia.org/wikipedia/commons/7/7c/A_budgerigar_in_Shiraz.jpg', '已发布', '2026-06-22 09:00:00', NULL, '2026-06-30 08:00:00', '2026-06-30 08:00:00'),
(3, '新鹦鹉入园后的隔离观察', '新入园个体建议先进行隔离观察，记录体重、食欲和粪便情况，再逐步安排展示。', '饲养知识', 'https://upload.wikimedia.org/wikipedia/commons/0/0f/Blue_Parrot_on_the_cage.jpg', '已发布', '2026-06-23 09:00:00', NULL, '2026-06-30 08:00:00', '2026-06-30 08:00:00'),
(4, '夏季笼舍通风提醒', '高温天气要注意通风降温，避免阳光长时间直晒，同时保持饮水清洁。', '系统公告', 'https://upload.wikimedia.org/wikipedia/commons/8/8c/Budgerigar_by_Bipro.jpg', '已发布', '2026-06-24 09:00:00', NULL, '2026-06-30 08:00:00', '2026-06-30 08:00:00'),
(5, '训练时长不宜过长', '单次训练建议控制在十到三十分钟内，以正向奖励为主，避免强迫互动。', '饲养知识', 'https://upload.wikimedia.org/wikipedia/commons/a/a1/Green_budgerigar_parrot_in_mongolia%282%29.jpg', '已发布', '2026-06-25 09:00:00', NULL, '2026-06-30 08:00:00', '2026-06-30 08:00:00'),
(6, '预约咨询材料准备', '客户预约前可先准备家庭环境、饲养经验和期望互动方式，便于工作人员给出建议。', '系统公告', 'https://upload.wikimedia.org/wikipedia/commons/4/43/Green_budgerigar_parrot_in_mongolia.jpg', '已发布', '2026-06-26 09:00:00', NULL, '2026-06-30 08:00:00', '2026-06-30 08:00:00'),
(7, '治疗中个体暂不开放展示', '处于治疗中或观察中的鹦鹉暂不开放前台预约，以保证动物福利和客户安全。', '系统公告', 'https://upload.wikimedia.org/wikipedia/commons/d/d9/Parrot_yellow.jpg', '已发布', '2026-06-27 09:00:00', NULL, '2026-06-30 08:00:00', '2026-06-30 08:00:00'),
(8, '后台演示用未发布公告', '这条公告用于演示未发布状态，前台公开列表中不会显示。', '系统公告', 'https://upload.wikimedia.org/wikipedia/commons/2/2f/Nymphicus_hollandicus_-_Forst_01.jpg', '未发布', NULL, NULL, '2026-06-30 08:00:00', '2026-06-30 08:00:00');
